{
  "ReLU": {
    "activation": "ReLU",
    "mse": 0.0005715682054869831,
    "mae": 0.011899755336344242,
    "r2": 0.19942930340766907,
    "training_time": 8.582432270050049,
    "convergence_epoch": 48,
    "coil_metrics": {
      "L1": {
        "mse": 0.002782065188512206,
        "mae": 0.04703058302402496,
        "r2": 0.997146487236023
      },
      "L2": {
        "mse": 1.1939468095079064e-05,
        "mae": 0.002970770699903369,
        "r2": 0.0
      },
      "L3": {
        "mse": 5.449110176414251e-05,
        "mae": 0.006149906665086746,
        "r2": 0.0
      },
      "L4": {
        "mse": 4.188339062238811e-06,
        "mae": 0.0014330543344840407,
        "r2": 0.0
      },
      "L5": {
        "mse": 5.157436135050375e-06,
        "mae": 0.0019144511315971613,
        "r2": 0.0
      }
    },
    "final_train_loss": 0.011004159692674875,
    "final_val_loss": 0.0006457134586526081
  },
  "LeakyReLU": {
    "activation": "LeakyReLU",
    "mse": 0.0008292719721794128,
    "mae": 0.014661310240626335,
    "r2": 0.19919829070568085,
    "training_time": 6.988899230957031,
    "convergence_epoch": 35,
    "coil_metrics": {
      "L1": {
        "mse": 0.0039081876166164875,
        "mae": 0.05224059894680977,
        "r2": 0.9959914684295654
      },
      "L2": {
        "mse": 2.2792630261392333e-05,
        "mae": 0.0038215979002416134,
        "r2": 0.0
      },
      "L3": {
        "mse": 3.4996619433513843e-06,
        "mae": 0.0016395073616877198,
        "r2": 0.0
      },
      "L4": {
        "mse": 0.0001883019576780498,
        "mae": 0.011792442761361599,
        "r2": 0.0
      },
      "L5": {
        "mse": 2.3578517357236706e-05,
        "mae": 0.0038124118000268936,
        "r2": 0.0
      }
    },
    "final_train_loss": 0.011318065598607064,
    "final_val_loss": 0.0010041666391771287
  },
  "SiLU": {
    "activation": "SiLU",
    "mse": 0.0003086273209191859,
    "mae": 0.008434750139713287,
    "r2": 0.19969023764133453,
    "training_time": 14.483457088470459,
    "convergence_epoch": 101,
    "coil_metrics": {
      "L1": {
        "mse": 0.0015100506134331226,
        "mae": 0.033287450671195984,
        "r2": 0.9984511733055115
      },
      "L2": {
        "mse": 9.011526344693266e-06,
        "mae": 0.002441415563225746,
        "r2": 0.0
      },
      "L3": {
        "mse": 3.868271505780285e-06,
        "mae": 0.001649106154218316,
        "r2": 0.0
      },
      "L4": {
        "mse": 1.0334492799302097e-05,
        "mae": 0.0022337930276989937,
        "r2": 0.0
      },
      "L5": {
        "mse": 9.872422197076958e-06,
        "mae": 0.0025619883090257645,
        "r2": 0.0
      }
    },
    "final_train_loss": 0.015031575970351697,
    "final_val_loss": 0.00038222722650971264
  }
}