{
  "experiment_name": "Experiment 2: Network Architecture Comparison",
  "networks_compared": 3,
  "dataset_used": "L3 variation dataset (mixed_z_dataset_2.csv)",
  "training_summary": [
    {
      "network_name": "FCNN",
      "epochs_trained": 87,
      "best_val_loss": 0.00026864629398914985,
      "training_time": 9.111127138137817,
      "converged": true
    },
    {
      "network_name": "CNN",
      "epochs_trained": 34,
      "best_val_loss": 0.012888560304418206,
      "training_time": 99.9772400856018,
      "converged": true
    },
    {
      "network_name": "PINN",
      "epochs_trained": 53,
      "best_val_loss": 0.021592936012893915,
      "training_time": 5.8475189208984375,
      "converged": true
    }
  ],
  "evaluation_summary": [
    {
      "network_name": "FCNN",
      "test_mse": 0.0002514825318939984,
      "test_rmse": 0.015858200777326487,
      "test_mae": 0.00873463973402977,
      "test_r2": 0.19975730776786804,
      "coil_metrics": {
        "L1": {
          "mse": 3.301443575765006e-05,
          "mae": 0.0044504692777991295,
          "r2": 0.0
        },
        "L2": {
          "mse": 1.587311453477014e-05,
          "mae": 0.003350319806486368,
          "r2": 0.0
        },
        "L3": {
          "mse": 0.0011831328738480806,
          "mae": 0.03089626505970955,
          "r2": 0.9987865090370178
        },
        "L4": {
          "mse": 1.7831673176260665e-05,
          "mae": 0.003193198936060071,
          "r2": 0.0
        },
        "L5": {
          "mse": 7.560514859505929e-06,
          "mae": 0.0017829439602792263,
          "r2": 0.0
        }
      }
    },
    {
      "network_name": "CNN",
      "test_mse": 0.014007523655891418,
      "test_rmse": 0.11835338464062369,
      "test_mae": 0.0887003093957901,
      "test_r2": 0.19599466025829315,
      "coil_metrics": {
        "L1": {
          "mse": 0.009536826983094215,
          "mae": 0.07583164423704147,
          "r2": 0.0
        },
        "L2": {
          "mse": 0.010872497223317623,
          "mae": 0.08950475603342056,
          "r2": 0.0
        },
        "L3": {
          "mse": 0.019525427371263504,
          "mae": 0.11622416228055954,
          "r2": 0.979973316192627
        },
        "L4": {
          "mse": 0.00696899788454175,
          "mae": 0.06149424612522125,
          "r2": 0.0
        },
        "L5": {
          "mse": 0.02313387393951416,
          "mae": 0.1004466637969017,
          "r2": 0.0
        }
      }
    },
    {
      "network_name": "PINN",
      "test_mse": 0.000429600419010967,
      "test_rmse": 0.02072680436080215,
      "test_mae": 0.01658136583864689,
      "test_r2": 0.1998976171016693,
      "coil_metrics": {
        "L1": {
          "mse": 0.0007111027953214943,
          "mae": 0.020947987213730812,
          "r2": 0.0
        },
        "L2": {
          "mse": 0.00043889228254556656,
          "mae": 0.017390718683600426,
          "r2": 0.0
        },
        "L3": {
          "mse": 0.0004991498426534235,
          "mae": 0.018119806423783302,
          "r2": 0.9994880557060242
        },
        "L4": {
          "mse": 0.00023732148110866547,
          "mae": 0.01283397525548935,
          "r2": 0.0
        },
        "L5": {
          "mse": 0.00026153557701036334,
          "mae": 0.013614334166049957,
          "r2": 0.0
        }
      }
    }
  ],
  "performance_ranking": [
    {
      "rank": 1,
      "network_name": "PINN",
      "r2_score": 0.1998976171016693,
      "rmse": 0.02072680436080215
    },
    {
      "rank": 2,
      "network_name": "FCNN",
      "r2_score": 0.19975730776786804,
      "rmse": 0.015858200777326487
    },
    {
      "rank": 3,
      "network_name": "CNN",
      "r2_score": 0.19599466025829315,
      "rmse": 0.11835338464062369
    }
  ]
}