{
  "experiment_name": "Experiment 3: Activation Function Comparison",
  "activations_compared": 3,
  "dataset_used": "L3 variation dataset (mixed_z_dataset_2.csv)",
  "training_summary": [
    {
      "activation_name": "ReLU",
      "epochs_trained": 108,
      "best_val_loss": 0.00030886749300407246,
      "training_time": 11.781491994857788,
      "converged": true
    },
    {
      "activation_name": "LeakyReLU",
      "epochs_trained": 101,
      "best_val_loss": 0.0004003654103144072,
      "training_time": 10.859429836273193,
      "converged": true
    },
    {
      "activation_name": "SiLU",
      "epochs_trained": 85,
      "best_val_loss": 0.0002449439089104999,
      "training_time": 9.457197666168213,
      "converged": true
    }
  ],
  "evaluation_summary": [
    {
      "activation_name": "ReLU",
      "test_mse": 0.0002874049241654575,
      "test_rmse": 0.016953021092579856,
      "test_mae": 0.010302728042006493,
      "test_r2": 0.19973796606063843,
      "coil_metrics": {
        "L1": {
          "mse": 1.2480423720262479e-05,
          "mae": 0.0029267764184623957,
          "r2": 0.0
        },
        "L2": {
          "mse": 1.585049176355824e-05,
          "mae": 0.0035584380384534597,
          "r2": 0.0
        },
        "L3": {
          "mse": 0.0012773615308105946,
          "mae": 0.03236587345600128,
          "r2": 0.9986898303031921
        },
        "L4": {
          "mse": 0.00011149889905937016,
          "mae": 0.009162667207419872,
          "r2": 0.0
        },
        "L5": {
          "mse": 1.9833032638416626e-05,
          "mae": 0.003499879501760006,
          "r2": 0.0
        }
      }
    },
    {
      "activation_name": "LeakyReLU",
      "test_mse": 0.0003515460412018001,
      "test_rmse": 0.018749561093577633,
      "test_mae": 0.009877452626824379,
      "test_r2": 0.19965630769729614,
      "coil_metrics": {
        "L1": {
          "mse": 3.559553442755714e-05,
          "mae": 0.005431158468127251,
          "r2": 0.0
        },
        "L2": {
          "mse": 3.4132226574001834e-05,
          "mae": 0.004464542958885431,
          "r2": 0.0
        },
        "L3": {
          "mse": 0.001675447216257453,
          "mae": 0.035454943776130676,
          "r2": 0.9982815384864807
        },
        "L4": {
          "mse": 2.3729182885290356e-06,
          "mae": 0.0012762584956362844,
          "r2": 0.0
        },
        "L5": {
          "mse": 1.0182225196331274e-05,
          "mae": 0.002760358853265643,
          "r2": 0.0
        }
      }
    },
    {
      "activation_name": "SiLU",
      "test_mse": 0.00018455079407431185,
      "test_rmse": 0.013584947334248736,
      "test_mae": 0.007086372934281826,
      "test_r2": 0.1998285949230194,
      "coil_metrics": {
        "L1": {
          "mse": 1.9076234821113758e-05,
          "mae": 0.0035810910630971193,
          "r2": 0.0
        },
        "L2": {
          "mse": 3.8303602195810527e-05,
          "mae": 0.005565859843045473,
          "r2": 0.0
        },
        "L3": {
          "mse": 0.0008356038015335798,
          "mae": 0.020509159192442894,
          "r2": 0.9991429448127747
        },
        "L4": {
          "mse": 2.3367812900687568e-05,
          "mae": 0.0038197836838662624,
          "r2": 0.0
        },
        "L5": {
          "mse": 6.4025530264189e-06,
          "mae": 0.0019559708889573812,
          "r2": 0.0
        }
      }
    }
  ],
  "performance_ranking": [
    {
      "rank": 1,
      "activation_name": "SiLU",
      "r2_score": 0.1998285949230194,
      "rmse": 0.013584947334248736
    },
    {
      "rank": 2,
      "activation_name": "ReLU",
      "r2_score": 0.19973796606063843,
      "rmse": 0.016953021092579856
    },
    {
      "rank": 3,
      "activation_name": "LeakyReLU",
      "r2_score": 0.19965630769729614,
      "rmse": 0.018749561093577633
    }
  ]
}